{
  "media-proc-bot-main-menu-current-menu-id-b605a-310720152": 1718601116.994267,
  "media-proc-bot-main-menu-menu-message-951dd-310720152": 1718601117.1725922,
  "media-proc-bot-form-state-for-single-video-note-d27ef-310720152": 1718568949.0013812
}