{
  "media-proc-bot-main-menu-current-menu-id-b605a-310720152": 1718598399.687679,
  "media-proc-bot-main-menu-menu-message-951dd-310720152": 1718598399.9160872,
  "media-proc-bot-form-state-for-single-video-note-d27ef-310720152": 1718566036.9360719
}